Event/Country Name,Links
Nigeria,https://cricsheet.org/downloads/nigeria_json.zip
Norway,https://cricsheet.org/downloads/norway_json.zip
Oman,https://cricsheet.org/downloads/oman_json.zip
Pakistan,https://cricsheet.org/downloads/pakistan_json.zip
Panama,https://cricsheet.org/downloads/panama_json.zip
Papua New Guinea,https://cricsheet.org/downloads/papua_new_guinea_json.zip
Philippines,https://cricsheet.org/downloads/philippines_json.zip
Portugal,https://cricsheet.org/downloads/portugal_json.zip
Qatar,https://cricsheet.org/downloads/qatar_json.zip
Romania,https://cricsheet.org/downloads/romania_json.zip
Rwanda,https://cricsheet.org/downloads/rwanda_json.zip
Samoa,https://cricsheet.org/downloads/samoa_json.zip
Saudi Arabia,https://cricsheet.org/downloads/saudi_arabia_json.zip
Scotland,https://cricsheet.org/downloads/scotland_json.zip
Serbia,https://cricsheet.org/downloads/serbia_json.zip
Seychelles,https://cricsheet.org/downloads/seychelles_json.zip
Sierra Leone,https://cricsheet.org/downloads/sierra_leone_json.zip
Singapore,https://cricsheet.org/downloads/singapore_json.zip
Slovenia,https://cricsheet.org/downloads/slovenia_json.zip
South Africa,https://cricsheet.org/downloads/south_africa_json.zip
South Korea,https://cricsheet.org/downloads/south_korea_json.zip
Spain,https://cricsheet.org/downloads/spain_json.zip
Sri Lanka,https://cricsheet.org/downloads/sri_lanka_json.zip
St Helena,https://cricsheet.org/downloads/st_helena_json.zip
Suriname,https://cricsheet.org/downloads/suriname_json.zip
Swaziland,https://cricsheet.org/downloads/swaziland_json.zip
Sweden,https://cricsheet.org/downloads/sweden_json.zip
Switzerland,https://cricsheet.org/downloads/switzerland_json.zip
Tanzania,https://cricsheet.org/downloads/tanzania_json.zip
Thailand,https://cricsheet.org/downloads/thailand_json.zip
Turkey,https://cricsheet.org/downloads/turkey_json.zip
Uganda,https://cricsheet.org/downloads/uganda_json.zip
United Arab Emirates,https://cricsheet.org/downloads/united_arab_emirates_json.zip
United States of America,https://cricsheet.org/downloads/united_states_of_america_json.zip
Vanuatu,https://cricsheet.org/downloads/vanuatu_json.zip
